ImageName,Label
0001-image20056.jpg,2
0002-image04733.jpg,1
0003-image07098.jpg,1
0004-image64929.jpg,2
0005-image15367.jpg,2
0006-image21655.jpg,1
0007-image60542.jpg,2
0008-image20752.jpg,1
0009-image00550.jpg,1
0010-image00597.jpg,1
0011-image21235.jpg,2
0012-image22095.jpg,1
0013-image02340.jpg,2
0014-image01402.jpg,1
0015-image09619.jpg,2
0016-image55673.jpg,1
0017-image27176.jpg,2
0018-image09694.jpg,1
0019-image03958.jpg,1
0020-image32413.jpg,1
0021-image22826.jpg,1
0022-image30054.jpg,1
0023-image25562.jpg,2
0024-image05703.jpg,1
0025-image60583.jpg,2
0026-image41552.jpg,2
0027-image37580.jpg,2
0028-image20790.jpg,1
0029-image28420.jpg,2
0030-image06011.jpg,1
0031-image22667.jpg,1
0032-image21831.jpg,1
0033-image64270.jpg,2
0034-image01210.jpg,2
0035-image03265.jpg,2
0036-image60849.jpg,2
0037-image19521.jpg,2
0038-image20450.jpg,1
0039-image24733.jpg,2
0040-image03014.jpg,1
0041-image00042.jpg,2
0042-image23163.jpg,2
0043-image18626.jpg,1
0044-image21935.jpg,1
0045-image17814.jpg,2
0046-image40504.jpg,2
0047-image01249.jpg,1
0048-image66434.jpg,1
0049-image05262.jpg,2
0050-image64128.jpg,1
0051-image65464.jpg,1
0052-image35929.jpg,2
0053-image31821.jpg,2
0054-image21746.jpg,2
0055-image44252.jpg,1
0056-image60680.jpg,2
0057-image19433.jpg,2
0058-image03037.jpg,2
0059-image14235.jpg,2
0060-image57844.jpg,2
0061-image00207.jpg,1
0062-image00061.jpg,2
0063-image14650.jpg,2
0064-image11010.jpg,2
0065-image26524.jpg,2
0066-image22795.jpg,1
0067-image18970.jpg,2
0068-image49011.jpg,2
0069-image21161.jpg,1
0070-image70493.jpg,1
0071-image14346.jpg,2
0072-image67228.jpg,1
0073-image64282.jpg,1
0074-image59808.jpg,2
0075-image60569.jpg,2
0076-image09496.jpg,2
0077-image35834.jpg,2
0078-image20202.jpg,1
0079-image23579.jpg,1
0080-image26806.jpg,1
0081-image20865.jpg,1
0082-image19621.jpg,1
0083-image20992.jpg,2
0084-image60575.jpg,2
0085-image30173.jpg,2
0086-image65715.jpg,2
0087-image44748.jpg,2
0088-image17797.jpg,2
0089-image25177.jpg,1
0090-image55016.jpg,1
0091-image51144.jpg,2
0092-image13742.jpg,2
0093-image41315.jpg,2
0094-image60792.jpg,2
0095-image20384.jpg,1
0096-image22318.jpg,1
0097-image12275.jpg,2
0098-image65824.jpg,1
0099-image66684.jpg,1
0100-image68104.jpg,1
0101-image52482.jpg,1
0102-image22996.jpg,2
0103-image35528.jpg,2
0104-image20279.jpg,2
0105-image00083.jpg,1
0106-image34069.jpg,2
0107-image19593.jpg,2
0108-image67926.jpg,1
0109-image67150.jpg,1
0110-image49832.jpg,1
0111-image29874.jpg,1
0112-image41575.jpg,1
0113-image51207.jpg,2
0114-image43607.jpg,1
0115-image02195.jpg,1
0116-image22848.jpg,2
0117-image60784.jpg,1
0118-image11955.jpg,1
0119-image18917.jpg,2
0120-image12402.jpg,1
0121-image24028.jpg,2
0122-image22620.jpg,2
0123-image42866.jpg,2
0124-image07099.jpg,1
0125-image68116.jpg,1
0126-image65215.jpg,2
0127-image67217.jpg,2
0128-image22604.jpg,2
0129-image39266.jpg,1
0130-image06799.jpg,1
0131-image28849.jpg,2
0132-image31201.jpg,2
0133-image21981.jpg,1
0134-image21507.jpg,1
0135-image60616.jpg,2
0136-image43677.jpg,1
0137-image01503.jpg,2
0138-image35921.jpg,2
0139-image34735.jpg,2
0140-image08188.jpg,1
0141-image39079.jpg,2
0142-image05367.jpg,1
0143-image10788.jpg,2
0144-image20810.jpg,2
0145-image12516.jpg,2
0146-image70109.jpg,2
0147-image00607.jpg,1
0148-image26572.jpg,2
0149-image60088.jpg,2
0150-image22363.jpg,2
0151-image14462.jpg,1
0152-image69367.jpg,1
0153-image13201.jpg,2
0154-image10000.jpg,2
0155-image18597.jpg,2
0156-image64209.jpg,2
0157-image09009.jpg,2
0158-image35961.jpg,2
0159-image13424.jpg,2
0160-image22546.jpg,1
0161-image56731.jpg,1
0162-image13371.jpg,2
0163-image22866.jpg,2
0164-image21468.jpg,2
0165-image60424.jpg,1
0166-image00527.jpg,2
0167-image09246.jpg,1
0168-image02840.jpg,2
0169-image07678.jpg,2
0170-image09597.jpg,1
0171-image56602.jpg,2
0172-image21787.jpg,1
0173-image13265.jpg,2
0174-image29262.jpg,1
0175-image00613.jpg,1
0176-image00136.jpg,2
0177-image71131.jpg,1
0178-image19695.jpg,2
0179-image09719.jpg,2
0180-image22466.jpg,1
0181-image22651.jpg,2
0182-image33234.jpg,1
0183-image25221.jpg,1
0184-image12729.jpg,2
0185-image20897.jpg,1
0186-image44485.jpg,2
0187-image51004.jpg,2
0188-image04283.jpg,2
0189-image21125.jpg,1
0190-image13076.jpg,2
0191-image00690.jpg,2
0192-image21076.jpg,1
0193-image19732.jpg,1
0194-image67335.jpg,1
0196-image22668.jpg,2
0197-image21913.jpg,1
0198-image26631.jpg,2
0199-image22959.jpg,1
0200-image53940.jpg,2
0201-image14682.jpg,2
0202-image19798.jpg,2
0203-image07835.jpg,1
0204-image40026.jpg,2
0205-image00447.jpg,1
0206-image07854.jpg,2
0207-image33112.jpg,2
0208-image13886.jpg,1
0209-image21662.jpg,1
0210-image20511.jpg,2
0211-image29018.jpg,1
0212-image18231.jpg,1
0213-image18419.jpg,2
0214-image05129.jpg,1
0215-image60772.jpg,2
0216-image03984.jpg,2
0217-image50346.jpg,1
0218-image55262.jpg,2
0219-image54183.jpg,1
0220-image66490.jpg,2
0221-image55384.jpg,1
0222-image17695.jpg,2
0223-image08358.jpg,1
0224-image28790.jpg,2
0225-image27450.jpg,1
0226-image30694.jpg,2
0227-image07752.jpg,1
0228-image52911.jpg,2
0229-image19837.jpg,2
0230-image07089.jpg,1
0231-image66568.jpg,2
0232-image20310.jpg,2
0233-image07054.jpg,2
0234-image03823.jpg,1
0235-image12940.jpg,2
0236-image60696.jpg,2
0237-image11763.jpg,2
0238-image17867.jpg,2
0239-image13897.jpg,2
0240-image22570.jpg,1
0241-image08835.jpg,1
0242-image55877.jpg,2
0243-image12789.jpg,1
0244-image07087.jpg,1
0245-image60918.jpg,2
0246-image00745.jpg,1
0247-image09223.jpg,1
0248-image66395.jpg,2
0249-image27612.jpg,2
0250-image67289.jpg,1
0251-image20302.jpg,2
0252-image08333.jpg,2
0253-image14015.jpg,1
0254-image23390.jpg,2
0255-image19908.jpg,2
0256-image19988.jpg,2
0257-image14013.jpg,1
0258-image23949.jpg,1
0259-image66620.jpg,2
0260-image03963.jpg,1
0261-image22916.jpg,1
0262-image19637.jpg,2
0263-image14551.jpg,2
0264-image52200.jpg,2
0265-image66540.jpg,2
0266-image17604.jpg,1
0267-image23093.jpg,2
0268-image01483.jpg,1
0269-image33068.jpg,2
0270-image67081.jpg,2
0271-image67232.jpg,1
0272-image70442.jpg,2
0273-image19358.jpg,1
0274-image25568.jpg,2
0275-image17840.jpg,2
0276-image01302.jpg,2
0277-image23145.jpg,1
0278-image13448.jpg,2
0279-image66324.jpg,1
0280-image13914.jpg,2
0281-image68932.jpg,2
0282-image13240.jpg,2
0283-image06810.jpg,1
0284-image08919.jpg,2
0285-image38459.jpg,1
0286-image66725.jpg,1
0287-image35351.jpg,2
0288-image18715.jpg,2
0289-image23469.jpg,1
0290-image71120.jpg,2
0291-image20366.jpg,1
0292-image67342.jpg,1
0293-image19652.jpg,2
0294-image49628.jpg,2
0295-image60124.jpg,2
0296-image50072.jpg,2
0297-image18542.jpg,2
0298-image41979.jpg,2
0299-image67064.jpg,1
0300-image23259.jpg,2
0301-image65908.jpg,2
0302-image19981.jpg,1
0303-image08879.jpg,2
0304-image21084.jpg,2
0305-image37348.jpg,1
0306-image66095.jpg,2
0307-image04445.jpg,2
0308-image47103.jpg,2
0309-image23163.jpg,2
0310-image50396.jpg,2
0311-image05531.jpg,2
0312-image17835.jpg,2
0313-image01953.jpg,2
0314-image63518.jpg,2
0315-image70834.jpg,2
0316-image10183.jpg,2
0317-image39332.jpg,2
0318-image05015.jpg,2
0319-image00306.jpg,1
0320-image19764.jpg,2
0321-image21059.jpg,1
0322-image53794.jpg,1
0323-image12466.jpg,2
0324-image19988.jpg,1
0325-image05824.jpg,2
0326-image20655.jpg,2
0327-image20695.jpg,1
0328-image13586.jpg,2
0329-image04950.jpg,2
0330-image25291.jpg,1
0331-image11153.jpg,1
0332-image21904.jpg,2
0333-image20019.jpg,2
0334-image60859.jpg,2
0335-image39759.jpg,1
0336-image09378.jpg,2
0337-image06325.jpg,1
0338-image66938.jpg,2
0339-image00041.jpg,2
0340-image20225.jpg,1
0341-image19142.jpg,1
0342-image03672.jpg,2
0343-image21173.jpg,1
0344-image50304.jpg,1
0345-image59465.jpg,2
0346-image43168.jpg,1
0347-image60933.jpg,2
0348-image66196.jpg,2
0349-image07619.jpg,2
0350-image38840.jpg,1
0351-image12926.jpg,2
0352-image19187.jpg,2
0353-image15014.jpg,2
0354-image22400.jpg,1
0355-image01061.jpg,2
0356-image52481.jpg,1
0357-image34314.jpg,1
0358-image22429.jpg,2
0359-image70646.jpg,1
0360-image45051.jpg,2
0361-image66293.jpg,1
0362-image11198.jpg,2
0363-image56435.jpg,1
0364-image19041.jpg,1
0365-image07657.jpg,1
0366-image02836.jpg,2
0367-image22539.jpg,2
0368-image10162.jpg,1
0369-image70646.jpg,1
0370-image31474.jpg,2
0371-image30344.jpg,2
0372-image19121.jpg,1
0373-image21994.jpg,2
0374-image67351.jpg,1
0375-image17960.jpg,2
0376-image11439.jpg,2
0377-image67169.jpg,2
0378-image64063.jpg,1
0379-image28497.jpg,1
0380-image25325.jpg,1
0381-image03705.jpg,1
0382-image07100.jpg,1
0383-image04740.jpg,1
0384-image08216.jpg,2
0385-image41314.jpg,2
0386-image17463.jpg,2
0387-image00498.jpg,1
0388-image06558.jpg,1
0389-image66820.jpg,1
0390-image12575.jpg,2
0391-image67175.jpg,2
0392-image60717.jpg,2
0393-image04423.jpg,1
0394-image54938.jpg,2
0395-image44823.jpg,2
0396-image13982.jpg,2
0397-image19485.jpg,2
0398-image08960.jpg,2
0399-image21690.jpg,2
0400-image70754.jpg,1
0401-image54986.jpg,2
0402-image23465.jpg,1
0403-image18587.jpg,2
0404-image70866.jpg,2
0405-image71155.jpg,2
0406-image29655.jpg,2
0407-image05333.jpg,1
0408-image39521.jpg,1
0409-image37822.jpg,2
0410-image12729.jpg,2
0411-image67600.jpg,2
0412-image01168.jpg,2
0413-image08252.jpg,2
0414-image67082.jpg,1
0415-image66487.jpg,2
0416-image14307.jpg,2
0417-image67076.jpg,1
0418-image21931.jpg,1
0419-image03443.jpg,1
0420-image60549.jpg,2
0421-image19148.jpg,1
0422-image64007.jpg,2
0423-image69738.jpg,2
0424-image66133.jpg,1
0425-image66110.jpg,1
0426-image66795.jpg,2
0427-image25759.jpg,1
0428-image14956.jpg,1
0429-image66195.jpg,2
0430-image66531.jpg,2
0431-image37211.jpg,1
0432-image22733.jpg,2
0433-image03998.jpg,2
0434-image21094.jpg,1
0435-image57539.jpg,2
0436-image07616.jpg,1
0437-image19998.jpg,1
0438-image33648.jpg,1
0439-image19794.jpg,1
0440-image02565.jpg,2
0441-image08460.jpg,2
0442-image20822.jpg,2
0443-image17724.jpg,2
0444-image29254.jpg,1
0445-image05743.jpg,2
0446-image48406.jpg,2
0447-image18726.jpg,1
0448-image04736.jpg,1
0449-image18713.jpg,1
0450-image29464.jpg,1
0451-image66781.jpg,1
0452-image23672.jpg,1
0453-image35684.jpg,2
0454-image18822.jpg,1
0455-image36321.jpg,1
0456-image03876.jpg,2
0457-image37049.jpg,2
0458-image13640.jpg,1
0459-image66357.jpg,1
0460-image22909.jpg,2
0461-image65782.jpg,1
0462-image21558.jpg,2
0463-image14167.jpg,1
0464-image20849.jpg,1
0465-image47444.jpg,2
0466-image64245.jpg,1
0467-image33521.jpg,1
0468-image00131.jpg,2
0469-image20736.jpg,1
0470-image54781.jpg,2
0471-image14628.jpg,2
0472-image69738.jpg,2
0473-image48214.jpg,2
0474-image23958.jpg,2
0475-image18000.jpg,2
0476-image32156.jpg,1
0477-image60814.jpg,2
0478-image20973.jpg,2
0479-image43923.jpg,1
0480-image09563.jpg,2
0481-image30449.jpg,2
0482-image03967.jpg,2
0483-image66516.jpg,1
0484-image13804.jpg,1
0485-image19247.jpg,1
0486-image27685.jpg,2
0487-image50782.jpg,2
0488-image23703.jpg,1
0489-image23329.jpg,2
0490-image00954.jpg,1
0491-image20418.jpg,2
0492-image05861.jpg,2
0493-image24244.jpg,1
0494-image50827.jpg,2
0495-image22353.jpg,1
0496-image54353.jpg,1
0497-image35708.jpg,2
0498-image22415.jpg,2
0499-image09482.jpg,2
0500-image60917.jpg,2
0501-image02387.jpg,2
0502-image19874.jpg,1
0503-image26517.jpg,1
0504-image20149.jpg,1
0505-image45446.jpg,2
0506-image26257.jpg,2
0507-image23451.jpg,1
0508-image34370.jpg,1
0509-image19658.jpg,2
0510-image19982.jpg,1
0511-image13132.jpg,1
0512-image13754.jpg,2
0513-image13509.jpg,2
0514-image44260.jpg,2
0515-image19427.jpg,2
0516-image42877.jpg,2
0517-image50124.jpg,1
0518-image13573.jpg,2
0519-image67355.jpg,1
0520-image04273.jpg,2
0521-image64153.jpg,2
0522-image19709.jpg,1
0523-image08018.jpg,1
0524-image46998.jpg,2
0525-image31920.jpg,2
0526-image37179.jpg,1
0527-image21666.jpg,1
0528-image11520.jpg,2
0529-image38929.jpg,2
0530-image17537.jpg,2
0531-image32012.jpg,2
0532-image17842.jpg,1
0533-image67427.jpg,2
0534-image10251.jpg,2
0535-image19605.jpg,1
0536-image20649.jpg,1
0537-image08503.jpg,2
0538-image67340.jpg,1
0539-image20752.jpg,1
0540-image58649.jpg,1
0541-image20830.jpg,2
0542-image26911.jpg,2
0543-image41122.jpg,2
0544-image08531.jpg,1
0545-image00931.jpg,1
0546-image07700.jpg,1
0547-image22348.jpg,2
0548-image22308.jpg,2
0549-image19234.jpg,1
0550-image65988.jpg,1
0551-image10014.jpg,1
0552-image66943.jpg,1
0553-image19665.jpg,2
0554-image08633.jpg,1
0555-image19904.jpg,2
0556-image23805.jpg,2
0557-image21049.jpg,2
0558-image00874.jpg,1
0559-image66965.jpg,2
0560-image25794.jpg,1
0561-image08928.jpg,2
0562-image39333.jpg,2
0563-image35223.jpg,1
0564-image18895.jpg,2
0565-image34919.jpg,1
0566-image21998.jpg,2
0567-image10611.jpg,2
0568-image02789.jpg,1
0569-image21619.jpg,1
0570-image08067.jpg,1
0571-image17998.jpg,1
0572-image06129.jpg,2
0573-image39524.jpg,1
0574-image67199.jpg,1
0575-image60778.jpg,2
0576-image12601.jpg,2
0577-image65991.jpg,1
0578-image66407.jpg,2
0579-image29557.jpg,1
0580-image25776.jpg,2
0581-image18871.jpg,1
0582-image59793.jpg,2
0583-image10382.jpg,1
0584-image00514.jpg,2
0585-image44644.jpg,2
0586-image19894.jpg,2
0587-image23566.jpg,1
0588-image10382.jpg,2
0589-image50141.jpg,2
0590-image20829.jpg,1
0591-image66913.jpg,1
0592-image67217.jpg,2
0593-image60717.jpg,2
0594-image13479.jpg,1
0595-image24172.jpg,2
0596-image01873.jpg,2
0597-image12946.jpg,1
0598-image67272.jpg,1
0599-image66883.jpg,1
0600-image66768.jpg,1
0601-image66269.jpg,1
0602-image48316.jpg,1
0603-image02744.jpg,2
0604-image20866.jpg,1
0605-image03266.jpg,1
0606-image52863.jpg,1
0607-image57905.jpg,2
0608-image27205.jpg,2
0609-image13739.jpg,2
0610-image61022.jpg,2
0611-image23703.jpg,1
0612-image07982.jpg,1
0613-image16544.jpg,1
0614-image11784.jpg,2
0615-image50441.jpg,1
0616-image60863.jpg,2
0617-image39927.jpg,2
0618-image07104.jpg,2
0619-image07555.jpg,2
0620-image14902.jpg,2
0621-image00757.jpg,1
0622-image01085.jpg,1
0623-image13367.jpg,2
0624-image65771.jpg,2
0625-image00355.jpg,2
0626-image19577.jpg,1
0627-image19482.jpg,2
0628-image10339.jpg,1
0629-image10564.jpg,2
0630-image03573.jpg,1
0631-image22973.jpg,2
0632-image00520.jpg,2
0633-image20573.jpg,1
0634-image01762.jpg,2
0635-image67647.jpg,2
0636-image68182.jpg,1
0637-image30139.jpg,2
0638-image65236.jpg,2
0639-image17554.jpg,1
0640-image03404.jpg,1
0641-image41476.jpg,2
0642-image49707.jpg,1
0643-image19310.jpg,1
0644-image64496.jpg,2
0645-image22841.jpg,1
0646-image21565.jpg,1
0647-image21966.jpg,1
0648-image37705.jpg,2
0649-image14427.jpg,2
0650-image45447.jpg,1
0651-image60636.jpg,2
0652-image22534.jpg,2
0653-image47421.jpg,2
0654-image13345.jpg,1
0655-image27727.jpg,1
0656-image58964.jpg,2
0657-image20733.jpg,2
0658-image66444.jpg,1
0659-image20785.jpg,1
0660-image54372.jpg,2
0661-image10005.jpg,2
0662-image20798.jpg,2
0663-image00254.jpg,2
0664-image67176.jpg,1
0665-image09544.jpg,2
0666-image23320.jpg,2
0667-image30090.jpg,1
0668-image00070.jpg,1
0669-image21642.jpg,1
0670-image23107.jpg,2
0671-image05176.jpg,1
0672-image55748.jpg,1
0673-image54885.jpg,2
0674-image04756.jpg,2
0675-image14168.jpg,1
0676-image66793.jpg,2
0677-image09644.jpg,2
0678-image10930.jpg,2
0679-image00937.jpg,2
0680-image09953.jpg,2
0681-image47142.jpg,2
0682-image21748.jpg,1
0683-image53045.jpg,1
0684-image22411.jpg,2
0685-image00978.jpg,2
0686-image19326.jpg,1
0687-image66174.jpg,2
0688-image22822.jpg,1
0689-image01110.jpg,1
0690-image20828.jpg,1
0691-image20475.jpg,1
0692-image10831.jpg,1
0693-image18512.jpg,2
0694-image08296.jpg,2
0695-image59804.jpg,2
0696-image60574.jpg,2
0697-image16870.jpg,2
0698-image11567.jpg,1
0699-image26027.jpg,2
0700-image49713.jpg,1
0701-image67173.jpg,2
0702-image67601.jpg,1
0703-image00591.jpg,1
0704-image60730.jpg,2
0705-image21189.jpg,1
0706-image03693.jpg,1
0707-image67059.jpg,1
0708-image20822.jpg,2
0709-image20877.jpg,2
0710-image22398.jpg,1
0711-image10025.jpg,2
0712-image12170.jpg,2
0713-image02490.jpg,1
0714-image60831.jpg,2
0715-image22045.jpg,2
0716-image28189.jpg,2
0717-image49474.jpg,1
0718-image69912.jpg,1
0719-image56078.jpg,1
0720-image59839.jpg,1
0721-image68215.jpg,2
0722-image11928.jpg,1
0723-image20653.jpg,1
0724-image01338.jpg,2
0725-image19307.jpg,1
0726-image32748.jpg,1
0727-image15346.jpg,1
0728-image39828.jpg,1
0729-image03346.jpg,1
0730-image09250.jpg,1
0731-image04259.jpg,1
0732-image67370.jpg,1
0733-image05798.jpg,2
0734-image41518.jpg,2
0735-image22354.jpg,1
0736-image70651.jpg,1
0737-image40030.jpg,1
0738-image54136.jpg,1
0739-image23374.jpg,2
0740-image11272.jpg,1
0741-image21798.jpg,2
0742-image30188.jpg,1
0743-image00343.jpg,1
0744-image65772.jpg,2
0745-image13979.jpg,2
0746-image37979.jpg,2
0747-image11069.jpg,2
0748-image14320.jpg,2
0749-image71116.jpg,2
0750-image56394.jpg,2
0751-image03026.jpg,1
0752-image04190.jpg,2
0753-image01174.jpg,1
0754-image07109.jpg,1
0755-image20651.jpg,2
0756-image33599.jpg,2
0757-image11827.jpg,2
0758-image67261.jpg,2
0759-image69448.jpg,1
0760-image66145.jpg,1
0761-image43049.jpg,2
0762-image33088.jpg,2
0763-image19605.jpg,1
0764-image28680.jpg,2
0765-image18643.jpg,1
0766-image00434.jpg,2
0767-image34285.jpg,1
0768-image05404.jpg,1
0769-image13346.jpg,1
0770-image02407.jpg,2
0771-image18157.jpg,1
0772-image23324.jpg,1
0773-image50933.jpg,1
0774-image54185.jpg,2
0775-image00793.jpg,2
0776-image03740.jpg,1
0777-image20174.jpg,1
0778-image15067.jpg,1
0779-image53367.jpg,2
0780-image03390.jpg,2
0781-image05595.jpg,2
0782-image34820.jpg,1
0783-image12641.jpg,1
0784-image00530.jpg,2
0785-image61045.jpg,2
0786-image20520.jpg,2
0787-image60791.jpg,2
0788-image22630.jpg,2
0789-image54242.jpg,2
0790-image11023.jpg,1
0791-image53226.jpg,2
0792-image18983.jpg,1
0793-image67372.jpg,2
0794-image21523.jpg,2
0795-image14748.jpg,2
0796-image06954.jpg,2
0797-image26586.jpg,2
0798-image18218.jpg,2
0799-image07068.jpg,2
0800-image17238.jpg,2
0801-image00416.jpg,2
0802-image01828.jpg,1
0803-image01928.jpg,2
0804-image12781.jpg,2
0805-image27201.jpg,2
0806-image67212.jpg,1
0807-image03808.jpg,1
0808-image25407.jpg,2
0809-image09990.jpg,1
0810-image00555.jpg,2
0811-image22328.jpg,1
0812-image66769.jpg,2
0813-image55840.jpg,2
0814-image65884.jpg,2
0815-image21685.jpg,1
0816-image20603.jpg,2
0817-image65748.jpg,2
0818-image31401.jpg,2
0819-image29389.jpg,2
0820-image14984.jpg,1
0821-image00855.jpg,1
0822-image12020.jpg,2
0823-image45929.jpg,2
0824-image60778.jpg,2
0825-image36229.jpg,2
0826-image08145.jpg,2
0827-image03271.jpg,2
0828-image14167.jpg,1
0829-image66148.jpg,1
0830-image26442.jpg,2
0831-image60758.jpg,2
0832-image12729.jpg,2
0833-image56218.jpg,1
0834-image20579.jpg,2
0835-image20290.jpg,1
0836-image20149.jpg,1
0837-image30208.jpg,2
0838-image51072.jpg,1
0839-image18673.jpg,1
0840-image30302.jpg,2
0841-image08769.jpg,2
0842-image06424.jpg,1
0843-image54850.jpg,2
0844-image15572.jpg,1
0845-image50944.jpg,1
0846-image48649.jpg,2
0847-image20378.jpg,2
0848-image14103.jpg,2
0849-image22047.jpg,1
0850-image36703.jpg,1
0851-image64200.jpg,1
0852-image07061.jpg,1
0853-image00787.jpg,1
0854-image22613.jpg,2
0855-image07628.jpg,2
0856-image21428.jpg,2
0857-image09012.jpg,1
0858-image28557.jpg,2
0859-image21952.jpg,1
0860-image34100.jpg,2
0861-image36722.jpg,1
0862-image23080.jpg,1
0863-image30372.jpg,1
0864-image54171.jpg,2
0865-image20072.jpg,1
0866-image49772.jpg,1
0867-image50277.jpg,1
0868-image01331.jpg,1
0869-image00256.jpg,1
0870-image64230.jpg,1
0871-image06557.jpg,1
0872-image50819.jpg,2
0873-image06069.jpg,2
0874-image21862.jpg,1
0875-image21720.jpg,2
0876-image55636.jpg,1
0877-image55448.jpg,1
0878-image20358.jpg,2
0879-image20075.jpg,2
0880-image67332.jpg,1
0881-image67344.jpg,1
0882-image20636.jpg,1
0883-image47214.jpg,2
0884-image50875.jpg,2
0885-image46104.jpg,2
0886-image01086.jpg,2
0887-image65133.jpg,2
0888-image13189.jpg,2
0889-image20803.jpg,1
0890-image29599.jpg,2
0891-image20896.jpg,1
0892-image48520.jpg,1
0893-image03010.jpg,1
0894-image11158.jpg,1
0895-image18100.jpg,1
0896-image66985.jpg,2
0897-image03559.jpg,1
0898-image70020.jpg,2
0899-image19118.jpg,1
0900-image13542.jpg,2
0901-image26031.jpg,2
0902-image13245.jpg,1
0903-image14153.jpg,2
0904-image67113.jpg,2
0905-image00606.jpg,1
0906-image04704.jpg,2
0907-image00127.jpg,2
0908-image20850.jpg,1
0909-image21075.jpg,1
0910-image65739.jpg,2
0911-image10249.jpg,2
0912-image44934.jpg,2
0913-image16346.jpg,2
0914-image21507.jpg,1
0915-image60651.jpg,2
0916-image52778.jpg,2
0917-image22387.jpg,1
0918-image22444.jpg,1
0919-image11193.jpg,2
0920-image67369.jpg,1
0921-image67223.jpg,1
0922-image21608.jpg,1
0923-image43339.jpg,2
0924-image02286.jpg,2
0925-image01466.jpg,2
0926-image28054.jpg,1
0927-image23020.jpg,1
0928-image23436.jpg,2
0929-image33776.jpg,1
0930-image29628.jpg,2
0931-image21692.jpg,2
0932-image02482.jpg,2
0933-image19354.jpg,1
0934-image01032.jpg,1
0935-image65679.jpg,1
0936-image18960.jpg,1
0937-image20840.jpg,2
0938-image60618.jpg,2
0939-image19704.jpg,1
0940-image65799.jpg,1
0941-image20115.jpg,1
0942-image18696.jpg,2
0943-image11567.jpg,2
0944-image66097.jpg,1
0945-image09841.jpg,2
0946-image41931.jpg,2
0947-image23260.jpg,1
0948-image21016.jpg,1
0949-image30784.jpg,2
0950-image12743.jpg,2
0951-image18758.jpg,1
0952-image60629.jpg,2
0953-image67197.jpg,1
0954-image20199.jpg,1
0955-image22980.jpg,2
0956-image22789.jpg,2
0957-image60594.jpg,2
0958-image13502.jpg,2
0959-image20885.jpg,1
0960-image46529.jpg,2
0961-image17770.jpg,2
0962-image10150.jpg,2
0963-image13815.jpg,1
0964-image20025.jpg,1
0965-image01171.jpg,1
0966-image13452.jpg,1
0967-image18824.jpg,1
0968-image65620.jpg,1
0969-image17606.jpg,2
0970-image15105.jpg,1
0971-image60727.jpg,2
0972-image38494.jpg,2
0973-image00040.jpg,2
0974-image64886.jpg,2
0975-image66475.jpg,1
0976-image34349.jpg,1
0977-image49820.jpg,1
0978-image05286.jpg,2
0979-image39473.jpg,2
0980-image27152.jpg,2
0981-image36272.jpg,2
0982-image14673.jpg,2
0983-image04734.jpg,1
0984-image07741.jpg,2
0985-image50001.jpg,1
0986-image04104.jpg,1
0987-image60782.jpg,2
0988-image07586.jpg,2
0989-image00076.jpg,1
0990-image06158.jpg,2
0991-image19345.jpg,1
0992-image68656.jpg,2
0993-image20606.jpg,1
0994-image00097.jpg,2
0995-image20822.jpg,1
0996-image53484.jpg,2
0997-image54860.jpg,1
0998-image25889.jpg,1
0999-image52409.jpg,2
1000-image66034.jpg,2
1001-image07866.jpg,1
1002-image31429.jpg,2
1003-image67558.jpg,1
1004-image04865.jpg,1
1005-image66241.jpg,2
1006-image06831.jpg,2
1007-image12585.jpg,2
1008-image68206.jpg,1
1009-image58721.jpg,1
1010-image49826.jpg,1
1011-image30479.jpg,2
1012-image20844.jpg,1
1013-image49258.jpg,2
1014-image35641.jpg,2
1015-image18734.jpg,2
1016-image68165.jpg,2
1017-image23005.jpg,2
1018-image20552.jpg,1
1019-image39319.jpg,1
1020-image70000.jpg,2
1021-image20358.jpg,2
1022-image23215.jpg,1
1023-image08427.jpg,2
1024-image30914.jpg,2
1025-image07057.jpg,1
1026-image21731.jpg,2
1027-image05162.jpg,2
1028-image27074.jpg,2
1029-image52846.jpg,2
1030-image09794.jpg,2
1031-image13686.jpg,1
1032-image38752.jpg,2
1033-image04743.jpg,2
1034-image52143.jpg,1
1035-image37263.jpg,1
1036-image20210.jpg,2
1037-image05035.jpg,1
1038-image36343.jpg,1
1039-image32439.jpg,1
1040-image39245.jpg,1
1041-image38012.jpg,2
1042-image13976.jpg,2
1043-image66615.jpg,2
1044-image03750.jpg,1
1045-image12349.jpg,1
1046-image60777.jpg,2
1047-image45205.jpg,2
1048-image38083.jpg,2
1049-image32015.jpg,2
1050-image23611.jpg,2
1051-image00310.jpg,1
1052-image01058.jpg,2
1053-image21134.jpg,2
1054-image50257.jpg,1
1055-image23575.jpg,1
1056-image20836.jpg,2
1057-image19058.jpg,1
1058-image23425.jpg,2
1059-image67286.jpg,1
1060-image07238.jpg,2
1061-image65777.jpg,1
1062-image18677.jpg,2
1063-image21830.jpg,1
1064-image25658.jpg,2
1065-image32039.jpg,1
1066-image28856.jpg,2
1067-image20890.jpg,2
1068-image64265.jpg,1
1069-image03802.jpg,1
1070-image55847.jpg,2
1071-image26194.jpg,2
1072-image13061.jpg,2
1073-image10016.jpg,2
1074-image20790.jpg,1
1075-image24567.jpg,2
1076-image26814.jpg,2
1077-image02333.jpg,2
1078-image67210.jpg,1
1079-image22029.jpg,2
1080-image51962.jpg,1
1081-image66148.jpg,2
1082-image71001.jpg,1
1083-image71055.jpg,1
1084-image27752.jpg,1
1085-image64072.jpg,2
1086-image08177.jpg,2
1087-image13446.jpg,1
1088-image25236.jpg,2
1089-image10018.jpg,1
1090-image56513.jpg,2
1091-image22963.jpg,1
1092-image22155.jpg,1
1093-image56712.jpg,2
1094-image20426.jpg,2
1095-image44687.jpg,2
1096-image66378.jpg,2
1097-image20895.jpg,2
1098-image29737.jpg,1
1099-image67256.jpg,1
1100-image34070.jpg,1
1101-image21301.jpg,1
1102-image60476.jpg,2
1103-image23761.jpg,1
1104-image03609.jpg,2
1105-image22244.jpg,2
1106-image13012.jpg,2
1107-image21178.jpg,2
1108-image32681.jpg,2
1109-image05469.jpg,2
1110-image23133.jpg,2
1111-image37195.jpg,2
1112-image36954.jpg,2
1113-image21010.jpg,1
1114-image15340.jpg,2
1115-image19842.jpg,1
1116-image22028.jpg,1
1117-image69525.jpg,2
1118-image19703.jpg,2
1119-image17072.jpg,2
1120-image65052.jpg,2
1121-image05062.jpg,2
1122-image29917.jpg,1
1123-image52365.jpg,2
1124-image21123.jpg,1
1125-image20259.jpg,2
1126-image43708.jpg,2
1127-image20215.jpg,2
1128-image50744.jpg,2
1129-image66714.jpg,1
1130-image02039.jpg,1
1131-image60957.jpg,2
1132-image55547.jpg,1
1133-image22753.jpg,1
1134-image64066.jpg,2
1135-image15759.jpg,2
1136-image22928.jpg,1
1137-image06860.jpg,1
1138-image53234.jpg,2
1139-image21340.jpg,2
1140-image19694.jpg,1
1141-image22500.jpg,1
1142-image03746.jpg,1
1143-image32032.jpg,2
1144-image16084.jpg,2
1145-image17797.jpg,2
1146-image60568.jpg,2
1147-image02819.jpg,1
1148-image05098.jpg,1
1149-image13839.jpg,2
1150-image47430.jpg,1
1151-image21450.jpg,1
1152-image11512.jpg,2
1153-image51325.jpg,2
1154-image23726.jpg,1
1155-image09973.jpg,2
1156-image12061.jpg,1
1157-image29975.jpg,1
1158-image02869.jpg,1
1159-image28737.jpg,1
1160-image19945.jpg,1
1161-image22903.jpg,1
1162-image34911.jpg,1
1163-image60517.jpg,2
1164-image14920.jpg,2
1165-image01177.jpg,1
1166-image23267.jpg,2
1167-image06421.jpg,1
1168-image52390.jpg,1
1169-image21700.jpg,1
1170-image23324.jpg,1
1171-image53014.jpg,1
1172-image56536.jpg,2
1173-image02057.jpg,1
1174-image24452.jpg,2
1175-image70679.jpg,1
1176-image32968.jpg,2
1177-image47360.jpg,1
1178-image39060.jpg,1
1179-image66876.jpg,1
1180-image19058.jpg,1
1181-image70664.jpg,1
1182-image19232.jpg,1
1183-image67520.jpg,1
1184-image68527.jpg,2
1185-image15010.jpg,2
1186-image30623.jpg,1
1187-image20439.jpg,1
1188-image20338.jpg,2
1189-image20199.jpg,2
1190-image22253.jpg,2
1191-image13890.jpg,2
1192-image01132.jpg,1
1193-image04408.jpg,2
1194-image36926.jpg,1
1195-image26372.jpg,2
1196-image01150.jpg,2
1197-image05877.jpg,1
1198-image12155.jpg,2
1199-image66963.jpg,2
1200-image29270.jpg,1
1201-image37051.jpg,2
1202-image67546.jpg,1
1203-image20849.jpg,1
1204-image65824.jpg,1
1205-image67239.jpg,1
1206-image21854.jpg,2
1207-image71339.jpg,2
1208-image13079.jpg,1
1209-image37295.jpg,2
1210-image15429.jpg,1
1211-image67469.jpg,2
1212-image06967.jpg,2
1213-image06800.jpg,2
1214-image67028.jpg,2
1215-image18636.jpg,2
1216-image03703.jpg,2
1217-image09347.jpg,2
1218-image13930.jpg,2
1219-image23151.jpg,2
1220-image69995.jpg,2
1221-image06525.jpg,2
1222-image09914.jpg,2
1223-image26664.jpg,1
1224-image21966.jpg,1
1225-image00449.jpg,2
1226-image15265.jpg,2
1227-image32769.jpg,2
1228-image15864.jpg,2
1229-image66144.jpg,2
1230-image18801.jpg,2
1231-image20259.jpg,2
1232-image10271.jpg,2
1233-image38306.jpg,2
1234-image70218.jpg,1
1235-image33430.jpg,2
1236-image68233.jpg,1
1237-image14767.jpg,1
1238-image05131.jpg,2
1239-image00538.jpg,2
1240-image22442.jpg,1
1241-image11114.jpg,2
1242-image00494.jpg,1
1243-image70794.jpg,1
1244-image19346.jpg,2
1245-image66454.jpg,2
1246-image21158.jpg,2
1247-image22559.jpg,2
1248-image13755.jpg,2
1249-image13339.jpg,2
1250-image21935.jpg,1
1251-image64107.jpg,2
1252-image23995.jpg,2
1253-image20495.jpg,2
1254-image10314.jpg,2
1255-image11753.jpg,2
1256-image05931.jpg,2
1257-image67154.jpg,1
1258-image15092.jpg,2
1259-image20683.jpg,1
1260-image00842.jpg,1
1261-image67275.jpg,1
1262-image60829.jpg,1
1263-image24183.jpg,2
1264-image39400.jpg,2
1265-image22594.jpg,1
1266-image03461.jpg,2
1267-image38982.jpg,1
1268-image03364.jpg,2
1269-image39154.jpg,1
1270-image60760.jpg,2
1271-image44891.jpg,2
1272-image23586.jpg,1
1273-image00655.jpg,1
1274-image51214.jpg,2
1275-image08427.jpg,2
1276-image69697.jpg,2
1277-image29202.jpg,1
1278-image24190.jpg,2
1279-image53879.jpg,1
1280-image02864.jpg,1
1281-image56443.jpg,2
1282-image06546.jpg,2
1283-image05137.jpg,1
1284-image31939.jpg,1
1285-image05335.jpg,2
1286-image64388.jpg,2
1287-image12745.jpg,2
1288-image02824.jpg,2
1289-image09958.jpg,2
1290-image66541.jpg,2
1291-image69835.jpg,2
1292-image21107.jpg,2
1293-image26153.jpg,2
1294-image20857.jpg,2
1295-image00824.jpg,1
1296-image20471.jpg,1
1297-image05910.jpg,2
1298-image22455.jpg,1
1299-image70670.jpg,2
1300-image34367.jpg,2
1301-image06085.jpg,1
1303-image67290.jpg,1
1304-image47169.jpg,2
1305-image47343.jpg,1
1306-image19552.jpg,2
1307-image60816.jpg,2
1308-image27362.jpg,1
1309-image68233.jpg,1
1310-image20358.jpg,2
1311-image20885.jpg,1
1312-image20344.jpg,1
1313-image51117.jpg,2
1314-image13716.jpg,2
1315-image07248.jpg,1
1316-image03586.jpg,1
1317-image21770.jpg,1
1318-image20490.jpg,2
1319-image19161.jpg,1
1320-image22925.jpg,1
1321-image66823.jpg,1
1322-image30881.jpg,2
1323-image13519.jpg,1
1324-image21073.jpg,2
1325-image09135.jpg,1
1326-image00929.jpg,2
1327-image19805.jpg,2
1328-image34028.jpg,1
1329-image18753.jpg,1
1330-image05255.jpg,2
1331-image66426.jpg,2
1332-image26717.jpg,1
1333-image19953.jpg,1
1334-image66428.jpg,2
1335-image66597.jpg,2
1336-image60596.jpg,2
1337-image03150.jpg,2
1338-image66862.jpg,1
1339-image00543.jpg,1
1340-image19829.jpg,1
1341-image18194.jpg,1
1342-image66495.jpg,2
1343-image19373.jpg,2
1344-image64455.jpg,2
1345-image68757.jpg,1
1346-image48626.jpg,2
1347-image22627.jpg,2
1348-image52092.jpg,1
1349-image08287.jpg,2
1350-image50298.jpg,2
1351-image29995.jpg,2
1352-image01002.jpg,1
1353-image21236.jpg,1
1354-image04957.jpg,1
1355-image19730.jpg,2
1356-image01040.jpg,1
1357-image29308.jpg,2
1358-image02080.jpg,1
1359-image27470.jpg,2
1360-image09268.jpg,1
1361-image60744.jpg,2
1362-image09655.jpg,2
1363-image20741.jpg,1
1364-image11153.jpg,1
1365-image20557.jpg,1
1366-image03767.jpg,2
1367-image17706.jpg,2
1368-image20774.jpg,2
1369-image13873.jpg,1
1370-image19169.jpg,1
1371-image00140.jpg,2
1372-image12921.jpg,1
1373-image21291.jpg,2
1374-image18865.jpg,2
1375-image38925.jpg,2
1376-image01290.jpg,2
1377-image14072.jpg,1
1378-image66435.jpg,1
1379-image62473.jpg,2
1380-image07109.jpg,2
1381-image47628.jpg,1
1382-image03773.jpg,1
1383-image18386.jpg,1
1384-image21380.jpg,1
1385-image56042.jpg,2
1386-image43936.jpg,2
1387-image19016.jpg,2
1388-image60601.jpg,2
1389-image20686.jpg,2
1390-image19930.jpg,1
1391-image53942.jpg,1
1392-image22244.jpg,2
1393-image07064.jpg,2
1394-image34834.jpg,2
1395-image22688.jpg,2
1396-image12001.jpg,2
1397-image56210.jpg,2
1398-image18884.jpg,1
1399-image68062.jpg,2
1400-image13130.jpg,2
1401-image20782.jpg,2
1402-image40425.jpg,1
1404-image20257.jpg,1
1405-image67217.jpg,2
1406-image53835.jpg,2
1407-image20704.jpg,2
1408-image13282.jpg,2
1409-image61641.jpg,2
1410-image26563.jpg,1
1411-image66826.jpg,1
1412-image20353.jpg,2
1413-image05614.jpg,2
1414-image13959.jpg,1
1415-image16149.jpg,2
1416-image21690.jpg,1
1417-image60820.jpg,1
1418-image67167.jpg,1
1419-image37761.jpg,2
1420-image23317.jpg,1
1421-image65704.jpg,1
1422-image42883.jpg,2
1423-image66283.jpg,2
1424-image10215.jpg,1
1425-image66912.jpg,1
1426-image18572.jpg,2
1427-image19618.jpg,1
1428-image47172.jpg,2
1429-image21185.jpg,2
1430-image59231.jpg,2
1431-image06549.jpg,2
1432-image26986.jpg,2
1433-image00454.jpg,1
1434-image21274.jpg,1
1435-image18964.jpg,2
1436-image12798.jpg,1
1437-image21566.jpg,1
1438-image28332.jpg,1
1439-image08009.jpg,2
1440-image23605.jpg,2
1441-image03451.jpg,1
1442-image00084.jpg,2
1443-image22840.jpg,1
1444-image60812.jpg,2
1445-image22630.jpg,2
1446-image53789.jpg,2
1447-image00289.jpg,2
1448-image23356.jpg,1
1449-image65940.jpg,2
1450-image10143.jpg,2
1451-image29675.jpg,1
1452-image38187.jpg,2
1453-image28163.jpg,1
1454-image67635.jpg,1
1455-image21757.jpg,1
1456-image48563.jpg,2
1457-image67070.jpg,2
1458-image19962.jpg,1
1459-image37312.jpg,2
1460-image21983.jpg,2
1461-image67213.jpg,1
1462-image06103.jpg,1
1463-image00228.jpg,1
1464-image66230.jpg,1
1465-image00186.jpg,1
1466-image60634.jpg,2
1467-image00224.jpg,2
1468-image07125.jpg,2
1469-image23318.jpg,1
1470-image36526.jpg,2
1471-image21560.jpg,2
1472-image65473.jpg,2
1473-image06883.jpg,2
1474-image10304.jpg,2
1475-image43473.jpg,2
1476-image00587.jpg,1
1477-image13800.jpg,1
1478-image58644.jpg,2
1479-image22825.jpg,1
1480-image66176.jpg,1
1481-image25254.jpg,2
1482-image36483.jpg,2
1483-image14186.jpg,2
1484-image19221.jpg,1
1485-image04792.jpg,2
1486-image14983.jpg,1
1487-image54360.jpg,2
1488-image18214.jpg,1
1489-image19891.jpg,2
1490-image11053.jpg,1
1491-image00693.jpg,2
1492-image41062.jpg,2
1493-image08448.jpg,2
1494-image18392.jpg,1
1495-image22919.jpg,2
1496-image09605.jpg,1
1497-image65709.jpg,1
1498-image10654.jpg,2
1499-image08042.jpg,2
1500-image68092.jpg,2
1501-image03776.jpg,1
1502-image64089.jpg,1
1503-image09479.jpg,1
1504-image43234.jpg,2
1505-image71005.jpg,1
1506-image62270.jpg,2
1507-image03883.jpg,1
1508-image60555.jpg,2
1509-image22716.jpg,2
1510-image71262.jpg,2
1511-image34262.jpg,2
1512-image24649.jpg,2
1513-image06270.jpg,1
1514-image10183.jpg,2
1515-image66705.jpg,1
1516-image20661.jpg,1
1517-image67128.jpg,1
1518-image63301.jpg,2
1519-image13222.jpg,2
1520-image11489.jpg,2
1521-image00328.jpg,2
1522-image22595.jpg,2
1523-image41648.jpg,1
1524-image39110.jpg,1
1525-image67990.jpg,2
1526-image60955.jpg,2
1527-image28232.jpg,2
1528-image19446.jpg,2
1529-image61034.jpg,2
1530-image65829.jpg,1
1531-image10459.jpg,2
1532-image03402.jpg,2
1533-image53931.jpg,1
1534-image19426.jpg,2
1535-image57344.jpg,2
1536-image22469.jpg,1
1537-image04965.jpg,2
1538-image20099.jpg,1
1539-image66115.jpg,2
1540-image55129.jpg,2
1541-image09704.jpg,2
1542-image19679.jpg,1
1543-image00521.jpg,1
1544-image35807.jpg,2
1545-image28480.jpg,1
1546-image32702.jpg,2
1547-image23043.jpg,1
1548-image65558.jpg,2
1549-image08275.jpg,2
1550-image16418.jpg,1
1551-image01407.jpg,2
1552-image05421.jpg,1
1553-image40012.jpg,2
1554-image19894.jpg,2
1555-image19496.jpg,1
1556-image50753.jpg,1
1557-image66141.jpg,2
1558-image20998.jpg,1
1559-image22223.jpg,2
1560-image02347.jpg,1
1561-image20087.jpg,1
1562-image22411.jpg,2
1563-image11253.jpg,1
1564-image06801.jpg,2
1565-image50728.jpg,1
1566-image49584.jpg,1
1567-image67047.jpg,1
1568-image50507.jpg,1
1569-image60942.jpg,2
1570-image17831.jpg,2
1571-image22742.jpg,2
1572-image51492.jpg,1
1573-image22625.jpg,1
1574-image00408.jpg,2
1575-image13343.jpg,1
1576-image67195.jpg,1
1577-image10078.jpg,2
1578-image21104.jpg,1
1579-image67215.jpg,1
1580-image67245.jpg,1
1581-image00688.jpg,1
1582-image13591.jpg,1
1583-image23769.jpg,2
1584-image04714.jpg,2
1585-image03833.jpg,1
1586-image21253.jpg,1
1587-image22393.jpg,1
1588-image00014.jpg,2
1589-image66177.jpg,2
1590-image03480.jpg,2
1591-image02990.jpg,2
1592-image30921.jpg,2
1593-image19519.jpg,2
1594-image01202.jpg,2
1595-image35470.jpg,1
1596-image21381.jpg,2
1597-image23157.jpg,2
1598-image20551.jpg,2
1599-image30792.jpg,2
1600-image64273.jpg,2
1601-image13996.jpg,2
1602-image58924.jpg,2
1603-image02595.jpg,2
1604-image01045.jpg,2
1605-image25902.jpg,1
1606-image64114.jpg,2
1607-image64210.jpg,2
1608-image04927.jpg,2
1609-image22133.jpg,2
1610-image40218.jpg,2
1611-image05107.jpg,1
1612-image15140.jpg,2
1613-image08391.jpg,2
1614-image23082.jpg,1
1615-image69951.jpg,2
1616-image16057.jpg,1
1617-image00905.jpg,1
1618-image08293.jpg,1
1619-image30304.jpg,2
1620-image00503.jpg,1
1621-image18251.jpg,2
1622-image23652.jpg,1
1623-image06131.jpg,1
1624-image46999.jpg,1
1625-image22868.jpg,1
1626-image20181.jpg,2
1627-image60735.jpg,2
1628-image20753.jpg,2
1629-image12743.jpg,2
1630-image24940.jpg,2
1631-image19326.jpg,2
1632-image21883.jpg,2
1633-image04510.jpg,2
1634-image00939.jpg,1
1635-image20146.jpg,1
1636-image65170.jpg,1
1637-image02271.jpg,2
1638-image61773.jpg,1
1639-image60513.jpg,2
1640-image13309.jpg,2
1641-image37012.jpg,2
1642-image12007.jpg,1
1643-image06440.jpg,2
1644-image66807.jpg,1
1645-image06152.jpg,1
1646-image10436.jpg,1
1647-image08000.jpg,2
1648-image66602.jpg,2
1649-image19066.jpg,2
1650-image64124.jpg,1
1651-image13396.jpg,2
1652-image19732.jpg,1
1653-image23101.jpg,2
1654-image13800.jpg,2
1655-image01417.jpg,2
1656-image11968.jpg,2
1657-image26830.jpg,1
1658-image20192.jpg,1
1659-image22922.jpg,1
1660-image00691.jpg,2
1661-image05960.jpg,1
1662-image13095.jpg,1
1663-image19052.jpg,2
1664-image22428.jpg,1
1665-image40316.jpg,2
1666-image53583.jpg,2
1667-image64057.jpg,1
1668-image26338.jpg,1
1669-image36103.jpg,2
1670-image40633.jpg,1
1671-image00973.jpg,2
1672-image64099.jpg,1
1673-image53866.jpg,1
1674-image00689.jpg,2
1675-image36508.jpg,1
1676-image66855.jpg,2
1677-image21305.jpg,1
1678-image20019.jpg,2
1679-image27007.jpg,1
1680-image70581.jpg,1
1681-image65619.jpg,1
1682-image09783.jpg,2
1683-image23402.jpg,1
1684-image49806.jpg,1
1685-image10472.jpg,1
1686-image51209.jpg,2
1687-image20637.jpg,2
1688-image06076.jpg,1
1689-image25843.jpg,1
1690-image01421.jpg,2
1691-image03655.jpg,2
1692-image00650.jpg,1
1693-image49708.jpg,2
1694-image47777.jpg,1
1695-image65730.jpg,1
1696-image50071.jpg,1
1697-image19274.jpg,2
1698-image06840.jpg,2
1699-image13617.jpg,1
1700-image20845.jpg,2
1701-image18304.jpg,2
1702-image51116.jpg,1
1703-image20924.jpg,1
1704-image10017.jpg,2
1705-image53283.jpg,1
1706-image52445.jpg,2
1707-image54651.jpg,2
1708-image54299.jpg,1
1709-image21181.jpg,1
1710-image66682.jpg,2
1711-image51125.jpg,2
1712-image31168.jpg,2
1713-image00259.jpg,2
1714-image54280.jpg,2
1715-image65794.jpg,2
1716-image21631.jpg,2
1717-image11675.jpg,2
1718-image02058.jpg,2
1719-image20739.jpg,1
1720-image54932.jpg,2
1721-image01811.jpg,2
1722-image55501.jpg,1
1723-image45065.jpg,1
1724-image35212.jpg,1
1725-image54891.jpg,2
1726-image02831.jpg,2
1727-image19267.jpg,2
1728-image10669.jpg,2
1729-image11835.jpg,2
1730-image09713.jpg,2
1731-image31157.jpg,1
1732-image13958.jpg,1
1733-image31533.jpg,1
1734-image13782.jpg,2
1735-image49826.jpg,2
1736-image67247.jpg,1
1737-image03442.jpg,2
1738-image03195.jpg,2
1739-image66404.jpg,2
1740-image67206.jpg,1
1741-image60953.jpg,2
1742-image33842.jpg,2
1743-image23543.jpg,1
1744-image00950.jpg,2
1745-image02850.jpg,2
1746-image35738.jpg,1
1747-image26852.jpg,2
1748-image21937.jpg,1
1749-image20320.jpg,2
1750-image20881.jpg,2
1751-image67175.jpg,2
1752-image10209.jpg,2
1753-image20108.jpg,1
1754-image21470.jpg,1
1755-image21319.jpg,2
1756-image43428.jpg,2
1757-image65817.jpg,1
1758-image23185.jpg,1
1759-image36247.jpg,1
1760-image71328.jpg,1
1761-image13237.jpg,1
1762-image13651.jpg,1
1763-image33442.jpg,2
1764-image48214.jpg,1
1765-image16626.jpg,2
1766-image01251.jpg,2
1767-image66668.jpg,2
1768-image05290.jpg,1
1769-image24624.jpg,2
1770-image23505.jpg,1
1771-image14095.jpg,2
1772-image49728.jpg,2
1773-image25381.jpg,2
1774-image66670.jpg,2
1775-image13390.jpg,1
1776-image65634.jpg,1
1777-image34729.jpg,2
1778-image17218.jpg,2
1779-image31834.jpg,2
1780-image60876.jpg,2
1781-image22749.jpg,2
1782-image28426.jpg,2
1783-image26306.jpg,1
1784-image46876.jpg,2
1785-image27188.jpg,2
1786-image15722.jpg,2
1787-image21327.jpg,1
1788-image53035.jpg,2
1789-image13858.jpg,1
1790-image67173.jpg,2
1791-image19260.jpg,1
1792-image12443.jpg,1
1793-image23616.jpg,1
1794-image22376.jpg,1
1795-image39875.jpg,1
1796-image62495.jpg,2
1797-image50198.jpg,1
1798-image10824.jpg,2
1799-image45257.jpg,2
1800-image02375.jpg,2
1801-image20861.jpg,2
1802-image09412.jpg,1
1803-image40167.jpg,2
1804-image09877.jpg,2
1805-image21027.jpg,2
1806-image07426.jpg,2
1807-image13538.jpg,2
1808-image21470.jpg,2
1809-image53156.jpg,2
1810-image13832.jpg,1
1811-image67161.jpg,2
1812-image11647.jpg,2
1813-image03774.jpg,1
1814-image09115.jpg,2
1815-image66979.jpg,1
1816-image20747.jpg,2
1817-image71175.jpg,2
1818-image00584.jpg,2
1819-image54719.jpg,1
1820-image21531.jpg,1
1821-image70141.jpg,2
1822-image34269.jpg,2
1823-image20642.jpg,1
1824-image65623.jpg,1
1983-image06215.jpg,2
2674-image02490.jpg,1
1826-image23049.jpg,2
2629-image22507.jpg,1
2306-image22301.jpg,1
1984-image67223.jpg,1
2134-image51271.jpg,1
2533-image12746.jpg,2
1834-image00448.jpg,2
2868-image00678.jpg,2
2086-image10835.jpg,2
1928-image21485.jpg,2
2482-image07107.jpg,1
2656-image00087.jpg,2
1911-image18765.jpg,1
2941-image03785.jpg,2
2701-image30532.jpg,2
2552-image20631.jpg,1
2381-image00714.jpg,2
1962-image34843.jpg,1
2405-image04250.jpg,1
2896-image33833.jpg,2
2304-image18498.jpg,2
2919-image39858.jpg,2
2338-image67191.jpg,1
2489-image21230.jpg,2
2459-image20682.jpg,2
2757-image54426.jpg,2
2886-image32932.jpg,2
2329-image67191.jpg,1
2498-image19232.jpg,2
2420-image13850.jpg,2
2962-image17920.jpg,1
2298-image06109.jpg,2
2388-image52201.jpg,2
2106-image64033.jpg,1
1892-image65944.jpg,2
2323-image23066.jpg,1
2357-image60943.jpg,2
2721-image09696.jpg,1
2645-image61608.jpg,2
2530-image21461.jpg,1
2875-image20241.jpg,1
1998-image09221.jpg,1
2140-image19635.jpg,1
2909-image21461.jpg,2
2938-image03971.jpg,2
2681-image38731.jpg,2
2002-image68069.jpg,2
2000-image01902.jpg,2
2145-image22927.jpg,2
2619-image22465.jpg,1
2566-image00288.jpg,2
2368-image67366.jpg,2
2969-image03977.jpg,1
2722-image67289.jpg,1
1901-image14395.jpg,2
1904-image51603.jpg,2
1847-image29048.jpg,2
2094-image20890.jpg,1
2263-image10647.jpg,2
2104-image22964.jpg,1
2229-image21668.jpg,1
2698-image67058.jpg,1
2231-image15972.jpg,2
2082-image32225.jpg,2
1934-image67258.jpg,1
1831-image18856.jpg,2
2022-image22634.jpg,1
2487-image22623.jpg,1
2112-image33012.jpg,2
2822-image13266.jpg,1
2673-image18712.jpg,1
2832-image11049.jpg,2
2435-image44626.jpg,2
2948-image11115.jpg,1
2296-image60904.jpg,2
1992-image00771.jpg,1
2989-image65977.jpg,1
1986-image39102.jpg,2
1917-image31991.jpg,1
2348-image20032.jpg,2
2850-image64775.jpg,1
2630-image18628.jpg,1
2292-image00090.jpg,2
2324-image20837.jpg,1
1856-image19416.jpg,1
2091-image50750.jpg,1
2200-image33304.jpg,2
2079-image56679.jpg,1
2285-image65833.jpg,2
2549-image13405.jpg,2
2239-image21601.jpg,1
2834-image49648.jpg,1
2147-image22671.jpg,2
2085-image66001.jpg,1
2131-image00642.jpg,1
2347-image02826.jpg,2
2305-image67178.jpg,1
2846-image13260.jpg,1
2894-image24643.jpg,2
2965-image04664.jpg,2
2766-image40517.jpg,1
2775-image70825.jpg,2
2180-image21114.jpg,2
2369-image23070.jpg,1
1999-image14184.jpg,2
1976-image20387.jpg,2
2625-image18133.jpg,2
2705-image07501.jpg,2
2317-image22442.jpg,2
2806-image20283.jpg,2
2189-image48890.jpg,2
2653-image22602.jpg,2
2951-image14173.jpg,2
2370-image20426.jpg,1
2353-image12266.jpg,2
2084-image33742.jpg,1
2536-image20082.jpg,1
2218-image20305.jpg,2
2991-image64151.jpg,2
2228-image07499.jpg,2
2689-image05577.jpg,2
2859-image20881.jpg,1
2221-image47032.jpg,2
2428-image20928.jpg,1
2581-image28727.jpg,2
1895-image30896.jpg,2
2199-image66477.jpg,1
2463-image71360.jpg,1
1888-image60592.jpg,2
2415-image12905.jpg,2
2563-image23527.jpg,1
2877-image07681.jpg,2
1836-image65739.jpg,2
2975-image62297.jpg,1
2540-image17703.jpg,2
2803-image20105.jpg,1
2479-image44684.jpg,1
2888-image52700.jpg,1
1844-image48500.jpg,2
2160-image04992.jpg,2
1951-image20776.jpg,2
2869-image22043.jpg,1
2469-image21057.jpg,2
2503-image64106.jpg,2
2968-image23396.jpg,1
2485-image23508.jpg,2
2492-image05312.jpg,2
2245-image28403.jpg,2
2135-image71118.jpg,2
2386-image20613.jpg,2
2474-image09541.jpg,2
2679-image05523.jpg,2
1853-image32908.jpg,2
1838-image13125.jpg,1
2425-image23026.jpg,1
2311-image05063.jpg,2
2049-image08923.jpg,2
2344-image19939.jpg,2
2555-image21444.jpg,1
2583-image13590.jpg,2
2677-image05388.jpg,2
2565-image67599.jpg,1
2874-image62151.jpg,2
2964-image13610.jpg,2
1953-image24382.jpg,2
2510-image20055.jpg,1
2949-image03772.jpg,2
2440-image14359.jpg,1
2772-image34709.jpg,2
2075-image17693.jpg,2
2128-image11931.jpg,2
2847-image31742.jpg,2
2740-image33592.jpg,2
2937-image21254.jpg,2
2893-image03824.jpg,1
1850-image60864.jpg,2
2107-image03349.jpg,1
2995-image63718.jpg,1
2665-image12545.jpg,1
2589-image66593.jpg,2
2786-image39640.jpg,2
2579-image65761.jpg,1
1825-image45666.jpg,2
2675-image65668.jpg,1
2910-image11526.jpg,2
2246-image07405.jpg,2
2013-image13187.jpg,2
2568-image34058.jpg,2
2017-image50908.jpg,2
2544-image13411.jpg,1
2933-image00559.jpg,2
2667-image56148.jpg,1
1974-image60674.jpg,2
2737-image40927.jpg,1
2876-image22110.jpg,1
2882-image19744.jpg,1
1907-image30013.jpg,1
2615-image20804.jpg,2
2470-image02866.jpg,2
2506-image05932.jpg,2
2985-image03810.jpg,1
2921-image22363.jpg,1
2307-image56076.jpg,2
2451-image23100.jpg,1
2807-image69013.jpg,1
2998-image07207.jpg,1
1869-image64896.jpg,2
2571-image28270.jpg,1
2981-image18981.jpg,2
2363-image19062.jpg,2
2455-image48724.jpg,2
2341-image68191.jpg,1
2522-image52897.jpg,2
1970-image08288.jpg,2
1955-image18882.jpg,2
2692-image60591.jpg,2
2754-image20320.jpg,2
2609-image27300.jpg,1
1945-image18986.jpg,2
2800-image68670.jpg,2
2212-image09522.jpg,2
2940-image28708.jpg,1
2635-image00048.jpg,1
1841-image17748.jpg,2
1832-image13581.jpg,2
2729-image21925.jpg,2
1887-image31036.jpg,2
2939-image66714.jpg,2
2782-image56697.jpg,1
2595-image20619.jpg,1
2461-image23476.jpg,1
2248-image41965.jpg,2
2149-image22771.jpg,1
2343-image23407.jpg,2
1987-image10090.jpg,1
2203-image23595.jpg,1
2067-image13198.jpg,1
2546-image66626.jpg,2
2798-image64946.jpg,1
2528-image52820.jpg,2
2095-image13624.jpg,2
2143-image67212.jpg,1
2764-image14753.jpg,2
2631-image68527.jpg,2
2967-image13232.jpg,1
2916-image19112.jpg,2
2115-image70661.jpg,2
2154-image20296.jpg,2
2483-image21127.jpg,1
1930-image14508.jpg,2
2617-image22930.jpg,2
2945-image16696.jpg,1
2699-image64858.jpg,1
2943-image55500.jpg,1
2118-image13190.jpg,1
2114-image29576.jpg,2
1921-image22902.jpg,2
2639-image10896.jpg,2
2994-image20926.jpg,1
2032-image42204.jpg,2
2654-image66846.jpg,2
2900-image25964.jpg,2
2891-image27530.jpg,1
2671-image68629.jpg,1
1864-image20056.jpg,1
2767-image19442.jpg,1
2416-image03354.jpg,2
2255-image49776.jpg,1
2620-image67194.jpg,1
2038-image21131.jpg,2
2493-image09445.jpg,1
2801-image67405.jpg,2
2559-image60654.jpg,2
1898-image15186.jpg,1
1902-image64192.jpg,1
2456-image01155.jpg,1
1897-image01989.jpg,2
2057-image02856.jpg,1
2309-image47086.jpg,1
2636-image19957.jpg,2
2496-image21488.jpg,1
2366-image36845.jpg,2
2668-image67382.jpg,1
1859-image60943.jpg,2
2816-image22701.jpg,1
2408-image09980.jpg,1
2809-image04379.jpg,2
2009-image00213.jpg,1
1865-image30077.jpg,2
2905-image67241.jpg,2
2711-image22286.jpg,2
2523-image62446.jpg,2
2826-image67182.jpg,1
2848-image00282.jpg,1
2331-image13757.jpg,1
2942-image60630.jpg,2
2040-image55115.jpg,2
2505-image26862.jpg,2
2986-image47459.jpg,2
2320-image18017.jpg,2
1843-image67212.jpg,1
1871-image22168.jpg,1
2494-image65789.jpg,2
1932-image12844.jpg,2
2973-image21520.jpg,2
2244-image04401.jpg,1
2166-image39078.jpg,2
2837-image22829.jpg,2
2694-image04415.jpg,2
2201-image60640.jpg,2
2430-image51964.jpg,2
2319-image36386.jpg,2
2126-image23115.jpg,2
2059-image09596.jpg,1
2997-image19698.jpg,2
2089-image03558.jpg,1
2223-image66016.jpg,2
2431-image17045.jpg,2
2561-image11748.jpg,1
2109-image60826.jpg,2
2349-image33293.jpg,1
2780-image11569.jpg,2
2839-image20676.jpg,2
2253-image22563.jpg,2
2739-image43868.jpg,1
2448-image64194.jpg,1
2885-image00187.jpg,1
2584-image34993.jpg,2
2779-image23457.jpg,1
2175-image51947.jpg,2
1964-image16992.jpg,2
2704-image68963.jpg,1
2439-image67168.jpg,1
2644-image23475.jpg,1
2247-image08699.jpg,2
2640-image02147.jpg,1
2391-image34697.jpg,1
2058-image00047.jpg,1
2884-image13886.jpg,2
1874-image67339.jpg,2
2785-image68088.jpg,1
2514-image29471.jpg,1
2670-image06598.jpg,2
2749-image39569.jpg,2
2351-image28162.jpg,2
2019-image32377.jpg,2
2726-image40459.jpg,2
2907-image66794.jpg,2
2362-image19252.jpg,2
2633-image19161.jpg,1
2010-image66242.jpg,2
2412-image22347.jpg,2
2854-image49827.jpg,1
2748-image67195.jpg,1
2156-image25571.jpg,1
2686-image21927.jpg,2
2446-image22703.jpg,1
2191-image21157.jpg,2
2597-image51914.jpg,1
2959-image04130.jpg,2
1940-image39927.jpg,1
1972-image19270.jpg,1
1988-image07518.jpg,2
2400-image16560.jpg,1
2604-image66216.jpg,2
2398-image01200.jpg,1
2051-image12980.jpg,2
2979-image49654.jpg,1
2947-image03812.jpg,1
2207-image47460.jpg,1
2974-image05781.jpg,2
2952-image19374.jpg,2
2078-image07613.jpg,2
2375-image34766.jpg,2
2507-image00846.jpg,2
2433-image63358.jpg,1
2778-image12847.jpg,2
2142-image70863.jpg,1
2591-image03980.jpg,1
2172-image35038.jpg,2
2898-image27868.jpg,2
2750-image22515.jpg,2
2450-image16699.jpg,1
2190-image41729.jpg,2
2342-image53646.jpg,1
2111-image19534.jpg,2
2103-image13827.jpg,1
2056-image01975.jpg,2
2932-image48757.jpg,1
1949-image21407.jpg,1
2709-image04854.jpg,1
1908-image01366.jpg,2
2310-image19192.jpg,2
2289-image09972.jpg,2
2169-image12963.jpg,1
2532-image12845.jpg,2
1882-image00066.jpg,1
2742-image67675.jpg,2
2911-image01280.jpg,2
2270-image03444.jpg,2
1981-image68154.jpg,2
2265-image63710.jpg,2
2551-image13118.jpg,1
2414-image51178.jpg,2
2723-image70061.jpg,2
2664-image18680.jpg,1
2718-image12390.jpg,2
2093-image12763.jpg,2
2251-image23415.jpg,1
1995-image00971.jpg,1
2182-image05896.jpg,2
1861-image19464.jpg,2
2596-image49635.jpg,1
2196-image02194.jpg,2
2987-image28065.jpg,2
2936-image68118.jpg,2
2638-image66510.jpg,2
2290-image01147.jpg,1
2509-image68498.jpg,2
2316-image14172.jpg,2
2899-image20181.jpg,2
2655-image18869.jpg,2
2695-image16479.jpg,2
2499-image13671.jpg,1
2460-image14919.jpg,1
2068-image20378.jpg,2
2873-image04810.jpg,1
2262-image60776.jpg,2
1914-image00436.jpg,2
2076-image22584.jpg,1
2535-image22218.jpg,1
1941-image33369.jpg,1
2045-image12961.jpg,1
2843-image00362.jpg,2
2812-image17205.jpg,1
2012-image49522.jpg,1
2872-image67355.jpg,1
2642-image21198.jpg,2
2562-image61693.jpg,1
2293-image20844.jpg,1
2438-image08435.jpg,2
2220-image14898.jpg,1
2815-image68155.jpg,1
2444-image03250.jpg,2
2836-image46996.jpg,2
2618-image31569.jpg,2
2993-image18732.jpg,2
1956-image66063.jpg,2
2183-image66078.jpg,1
2996-image07830.jpg,2
2122-image14188.jpg,2
2278-image20956.jpg,2
2867-image20857.jpg,2
1846-image16709.jpg,1
2312-image14925.jpg,1
2663-image22112.jpg,2
2099-image67259.jpg,1
2178-image37299.jpg,2
2481-image62811.jpg,2
2817-image00785.jpg,1
2983-image66396.jpg,2
2851-image28078.jpg,2
2734-image42822.jpg,2
2291-image49828.jpg,2
2326-image14158.jpg,1
2466-image14252.jpg,1
2895-image50304.jpg,2
2927-image60617.jpg,2
2702-image34634.jpg,2
2578-image18416.jpg,2
1915-image68826.jpg,1
2906-image00289.jpg,2
2879-image60718.jpg,2
2650-image70037.jpg,1
2538-image40208.jpg,2
2129-image08930.jpg,2
2148-image04422.jpg,2
2259-image12897.jpg,2
2385-image66488.jpg,2
2607-image04742.jpg,1
2411-image66569.jpg,2
1842-image20116.jpg,1
2188-image66601.jpg,1
2299-image14007.jpg,2
1883-image10199.jpg,1
1879-image33697.jpg,1
2966-image64027.jpg,2
1857-image66908.jpg,1
2044-image31656.jpg,2
2119-image60563.jpg,2
2634-image19663.jpg,1
2014-image22209.jpg,1
2402-image15650.jpg,2
1926-image21270.jpg,1
2409-image08986.jpg,2
2345-image05135.jpg,2
2164-image09787.jpg,2
2769-image17229.jpg,1
1989-image68893.jpg,1
2484-image67264.jpg,1
2150-image67198.jpg,2
2747-image13951.jpg,1
2490-image50719.jpg,1
2020-image19141.jpg,1
2735-image20929.jpg,1
1939-image57215.jpg,2
2652-image22833.jpg,2
2519-image35884.jpg,2
2234-image25992.jpg,1
2204-image21424.jpg,1
2783-image67239.jpg,1
2243-image58674.jpg,2
2700-image00518.jpg,2
1858-image33580.jpg,1
2825-image33006.jpg,2
2610-image21013.jpg,1
1938-image18422.jpg,2
2641-image69687.jpg,2
2217-image51232.jpg,1
2613-image56412.jpg,1
2763-image65905.jpg,1
2687-image09546.jpg,2
2097-image30654.jpg,2
2364-image52742.jpg,1
2696-image60750.jpg,2
2125-image61046.jpg,2
2758-image49974.jpg,1
2340-image66985.jpg,1
2407-image12892.jpg,2
2797-image21899.jpg,2
2167-image13655.jpg,1
2146-image67204.jpg,2
2033-image21293.jpg,1
2387-image62900.jpg,2
2651-image62564.jpg,2
2672-image01973.jpg,2
2418-image18935.jpg,1
1920-image21893.jpg,2
1971-image23502.jpg,2
2267-image54968.jpg,2
2442-image60981.jpg,1
2520-image51331.jpg,2
2215-image19404.jpg,1
2257-image03798.jpg,1
2021-image05860.jpg,2
2733-image66424.jpg,1
1881-image30644.jpg,1
2015-image65627.jpg,1
2752-image64092.jpg,1
2628-image03816.jpg,1
2794-image42991.jpg,2
2210-image50039.jpg,1
2586-image53042.jpg,1
2315-image22460.jpg,2
2864-image50112.jpg,1
2880-image26307.jpg,2
2242-image20074.jpg,1
2286-image21036.jpg,1
2922-image64616.jpg,1
2063-image66908.jpg,1
2300-image69619.jpg,2
2024-image22661.jpg,2
2849-image67252.jpg,1
1919-image26771.jpg,2
2325-image19344.jpg,1
2944-image24544.jpg,1
2436-image44300.jpg,2
2023-image60713.jpg,2
2725-image50267.jpg,1
2288-image67245.jpg,2
2844-image67252.jpg,1
2745-image67045.jpg,2
2511-image44013.jpg,1
2708-image07680.jpg,2
2934-image21680.jpg,2
1936-image45968.jpg,2
1867-image19938.jpg,2
2810-image67336.jpg,2
2684-image28336.jpg,1
2195-image42940.jpg,1
2955-image22314.jpg,2
2857-image04955.jpg,2
2297-image49753.jpg,1
2211-image27826.jpg,2
1830-image43524.jpg,2
1991-image03722.jpg,1
2828-image52006.jpg,1
1978-image39926.jpg,1
2318-image14191.jpg,2
2397-image20754.jpg,1
2437-image21894.jpg,2
2575-image67377.jpg,2
2053-image63855.jpg,1
2870-image66925.jpg,2
2926-image38064.jpg,1
2774-image12157.jpg,2
2593-image03748.jpg,2
2281-image66607.jpg,1
2477-image19708.jpg,1
2760-image41190.jpg,2
1943-image03421.jpg,2
2542-image02267.jpg,2
2788-image36784.jpg,2
1866-image00013.jpg,2
2275-image20828.jpg,2
2406-image16320.jpg,2
2327-image19736.jpg,1
2570-image13349.jpg,1
2176-image64264.jpg,1
2256-image19605.jpg,1
2065-image57206.jpg,2
2266-image18882.jpg,2
2155-image49750.jpg,1
2853-image03011.jpg,1
1973-image23380.jpg,1
2657-image20233.jpg,1
2339-image65990.jpg,2
2777-image69043.jpg,2
2576-image00501.jpg,1
1965-image22668.jpg,2
2359-image19715.jpg,2
2173-image00368.jpg,2
2827-image23640.jpg,1
2543-image20717.jpg,2
1910-image19792.jpg,2
2264-image46311.jpg,2
2865-image54994.jpg,2
2784-image66763.jpg,2
2434-image22731.jpg,2
2762-image66398.jpg,1
2322-image18786.jpg,1
2759-image25173.jpg,2
2852-image22740.jpg,2
2820-image27782.jpg,2
1827-image65633.jpg,2
2389-image10981.jpg,2
1994-image63617.jpg,1
2706-image07083.jpg,1
2165-image34015.jpg,1
2101-image69420.jpg,1
2233-image09586.jpg,1
2582-image15385.jpg,2
2554-image19808.jpg,2
2616-image05663.jpg,2
2449-image10220.jpg,1
3000-image49646.jpg,1
2720-image20444.jpg,2
2791-image02689.jpg,1
2321-image17895.jpg,1
1922-image22964.jpg,1
2960-image68810.jpg,1
1848-image20763.jpg,2
2621-image07900.jpg,2
2982-image34150.jpg,1
2226-image40776.jpg,1
2120-image33478.jpg,1
2227-image00710.jpg,1
2424-image48767.jpg,2
2707-image39653.jpg,1
2731-image20705.jpg,1
2361-image19776.jpg,1
1948-image00515.jpg,2
2159-image39124.jpg,1
1924-image28393.jpg,2
2137-image21050.jpg,2
2690-image65982.jpg,2
1935-image03964.jpg,1
2913-image00685.jpg,2
2252-image23912.jpg,2
1967-image06565.jpg,2
1840-image02530.jpg,1
2074-image15092.jpg,2
2743-image20027.jpg,2
2712-image23651.jpg,1
2238-image23792.jpg,2
1958-image66663.jpg,2
2744-image20381.jpg,1
2814-image22139.jpg,1
1835-image49278.jpg,2
2393-image07106.jpg,1
2360-image23521.jpg,1
2526-image56055.jpg,2
2141-image02886.jpg,2
2232-image00431.jpg,2
2488-image41261.jpg,2
2100-image28647.jpg,2
2773-image19417.jpg,1
2138-image53489.jpg,1
2904-image29467.jpg,1
2354-image05678.jpg,1
2573-image06312.jpg,2
2637-image65960.jpg,1
2105-image13202.jpg,1
2066-image68236.jpg,2
2928-image67294.jpg,1
2410-image11813.jpg,2
1905-image52772.jpg,2
2924-image66470.jpg,2
1878-image18678.jpg,2
1997-image69565.jpg,1
2693-image18148.jpg,2
2715-image05034.jpg,1
2946-image12645.jpg,2
1982-image60589.jpg,2
2401-image08904.jpg,2
2358-image09134.jpg,1
2224-image60527.jpg,2
2666-image66375.jpg,2
2028-image00832.jpg,1
2219-image04506.jpg,1
2179-image00447.jpg,1
2518-image20840.jpg,1
2332-image20405.jpg,1
2697-image66608.jpg,1
2728-image11847.jpg,2
1980-image65783.jpg,1
2417-image18593.jpg,2
2250-image15417.jpg,2
2804-image19143.jpg,1
2039-image65737.jpg,1
2092-image21864.jpg,1
2901-image14538.jpg,2
2287-image36369.jpg,2
2193-image21336.jpg,1
2043-image19351.jpg,2
2355-image22689.jpg,2
2069-image20277.jpg,2
2302-image22244.jpg,2
2073-image54180.jpg,2
1996-image02720.jpg,2
2541-image64167.jpg,1
1966-image67334.jpg,1
2346-image13070.jpg,2
2897-image54120.jpg,2
2587-image03805.jpg,1
2902-image11654.jpg,1
2031-image07493.jpg,2
1890-image19874.jpg,1
2649-image71264.jpg,2
2077-image22142.jpg,2
2036-image49555.jpg,1
2209-image22261.jpg,2
2486-image23331.jpg,2
2751-image67191.jpg,2
2789-image20285.jpg,1
2037-image02455.jpg,1
2295-image54274.jpg,2
2923-image22268.jpg,1
1885-image09415.jpg,1
2643-image41533.jpg,2
2917-image19689.jpg,1
2594-image20875.jpg,1
2144-image19219.jpg,2
2050-image19768.jpg,1
2770-image20527.jpg,2
2781-image15727.jpg,2
2889-image22356.jpg,1
2395-image21679.jpg,1
2863-image20504.jpg,2
2978-image20366.jpg,2
2999-image47094.jpg,2
1944-image19546.jpg,2
1849-image01333.jpg,2
2011-image47334.jpg,2
1923-image01296.jpg,2
2660-image37166.jpg,1
2048-image23060.jpg,1
2054-image14341.jpg,1
2383-image08411.jpg,2
2475-image06556.jpg,1
2881-image11207.jpg,2
2303-image00642.jpg,1
2685-image02820.jpg,1
1959-image13528.jpg,2
2632-image00059.jpg,2
2413-image01655.jpg,1
2612-image65775.jpg,2
1985-image66617.jpg,2
2170-image21544.jpg,1
1886-image67077.jpg,2
2585-image19403.jpg,1
2602-image68135.jpg,2
2001-image60755.jpg,2
2174-image50456.jpg,1
2787-image43277.jpg,2
2840-image44677.jpg,1
2824-image15109.jpg,2
2977-image01118.jpg,2
2771-image23527.jpg,2
2830-image50366.jpg,2
2336-image14719.jpg,2
2845-image66280.jpg,2
2445-image22892.jpg,2
2153-image22599.jpg,1
2883-image07131.jpg,2
1833-image22873.jpg,2
2627-image17929.jpg,2
2862-image25610.jpg,2
2548-image14971.jpg,1
2042-image55773.jpg,2
2121-image05657.jpg,2
2280-image02605.jpg,1
2098-image10498.jpg,2
2423-image19174.jpg,1
2352-image51925.jpg,1
2515-image19120.jpg,1
2491-image08456.jpg,1
2805-image38702.jpg,2
2404-image25639.jpg,1
2027-image18711.jpg,1
2727-image60672.jpg,2
2605-image32655.jpg,2
2465-image36340.jpg,2
2976-image21797.jpg,1
2136-image68129.jpg,2
2052-image53225.jpg,1
2313-image07415.jpg,1
2335-image04821.jpg,1
2464-image64015.jpg,2
2603-image50094.jpg,1
2006-image21043.jpg,2
1975-image64033.jpg,1
2237-image00008.jpg,2
2088-image03129.jpg,2
2087-image49405.jpg,2
2284-image05402.jpg,1
2168-image21592.jpg,1
2007-image38087.jpg,2
2497-image22623.jpg,1
2567-image01396.jpg,1
1968-image35234.jpg,2
2984-image04087.jpg,1
2564-image09827.jpg,2
2139-image22868.jpg,1
1969-image66859.jpg,2
2441-image21079.jpg,1
1957-image17752.jpg,2
2282-image20628.jpg,1
2457-image18817.jpg,2
1913-image67190.jpg,2
2202-image40241.jpg,2
2083-image07089.jpg,2
2279-image07636.jpg,2
2838-image11967.jpg,1
2308-image32522.jpg,1
2829-image65733.jpg,2
2776-image29347.jpg,2
1963-image42080.jpg,2
2365-image34763.jpg,1
2294-image02024.jpg,1
2669-image11666.jpg,2
2992-image49625.jpg,1
2980-image21768.jpg,2
2811-image42249.jpg,2
2963-image66968.jpg,2
2765-image46679.jpg,1
2813-image66307.jpg,1
2004-image30708.jpg,1
2258-image30272.jpg,1
2856-image50124.jpg,1
2537-image69882.jpg,2
2590-image13346.jpg,1
2334-image67425.jpg,2
2611-image51194.jpg,2
2127-image22125.jpg,2
2738-image49308.jpg,1
2842-image48569.jpg,2
2374-image54585.jpg,2
2472-image02196.jpg,1
2793-image21673.jpg,1
2205-image13783.jpg,2
2730-image08408.jpg,2
2260-image49080.jpg,2
2841-image04469.jpg,1
2062-image13653.jpg,1
2337-image20790.jpg,1
2462-image12577.jpg,2
2283-image13184.jpg,2
1891-image64095.jpg,2
2716-image15051.jpg,1
2132-image39831.jpg,1
1896-image51153.jpg,2
2920-image37043.jpg,2
2371-image03386.jpg,2
2187-image13463.jpg,1
2792-image10414.jpg,2
2908-image59225.jpg,2
2016-image21708.jpg,1
2376-image27637.jpg,2
2471-image08060.jpg,1
2041-image32433.jpg,1
2181-image12528.jpg,1
2755-image25775.jpg,1
1925-image12811.jpg,2
1873-image18778.jpg,2
2478-image07189.jpg,1
2647-image09980.jpg,1
2753-image19604.jpg,2
2162-image00202.jpg,2
2682-image50187.jpg,2
2608-image54725.jpg,2
2384-image01010.jpg,2
2808-image20803.jpg,1
2184-image07060.jpg,1
2185-image19687.jpg,1
2390-image22830.jpg,2
2539-image60662.jpg,2
2350-image12408.jpg,2
2429-image05796.jpg,2
2527-image09185.jpg,2
2577-image57138.jpg,2
2622-image13641.jpg,1
2171-image21932.jpg,2
2719-image21732.jpg,2
2598-image14599.jpg,1
2658-image64034.jpg,1
2468-image09526.jpg,2
1893-image18729.jpg,1
2330-image22255.jpg,2
2557-image38639.jpg,1
2008-image32843.jpg,2
2553-image35912.jpg,2
2123-image12321.jpg,2
1903-image33604.jpg,1
2953-image66937.jpg,1
1916-image48138.jpg,2
2954-image66886.jpg,1
2080-image23162.jpg,1
2691-image14229.jpg,1
2517-image67044.jpg,1
2680-image03813.jpg,1
1828-image33106.jpg,2
2866-image60698.jpg,2
2835-image67032.jpg,2
2055-image42649.jpg,1
1918-image18240.jpg,1
2931-image23721.jpg,1
2746-image50245.jpg,1
2569-image18292.jpg,2
2064-image22095.jpg,1
1906-image47813.jpg,1
2683-image02867.jpg,2
2467-image28395.jpg,2
2970-image20403.jpg,1
2819-image21813.jpg,2
2030-image43495.jpg,2
2624-image18613.jpg,1
1868-image03247.jpg,1
2676-image65763.jpg,1
1899-image28319.jpg,2
2623-image63819.jpg,2
1860-image20320.jpg,2
2601-image21783.jpg,2
2823-image01427.jpg,2
2714-image02953.jpg,2
2274-image04881.jpg,1
2560-image02014.jpg,2
2116-image00719.jpg,2
2378-image20962.jpg,1
1876-image44989.jpg,1
2110-image00092.jpg,1
2988-image11137.jpg,1
2890-image20653.jpg,2
2956-image60825.jpg,2
2802-image13520.jpg,2
2035-image21985.jpg,2
2860-image22826.jpg,1
2799-image67261.jpg,1
2957-image17447.jpg,1
2550-image65743.jpg,1
2473-image19542.jpg,2
1855-image66850.jpg,2
2833-image16354.jpg,1
2130-image21335.jpg,2
2525-image01896.jpg,1
2096-image09677.jpg,1
2197-image67036.jpg,2
1894-image20903.jpg,2
2379-image18476.jpg,2
1977-image06429.jpg,1
2592-image49119.jpg,2
2426-image27220.jpg,1
2277-image68153.jpg,1
2831-image66263.jpg,2
2090-image07020.jpg,1
1993-image20583.jpg,1
2152-image17039.jpg,2
2271-image23527.jpg,2
2501-image66123.jpg,1
2214-image66669.jpg,2
2713-image01404.jpg,2
1990-image66324.jpg,1
2396-image41191.jpg,2
2236-image33248.jpg,1
2070-image67200.jpg,1
2018-image23299.jpg,1
1979-image18514.jpg,2
2990-image02208.jpg,2
2422-image26274.jpg,1
2599-image66067.jpg,2
2249-image58807.jpg,2
2046-image20232.jpg,2
1946-image13128.jpg,2
2206-image19008.jpg,2
1927-image09627.jpg,2
1877-image12978.jpg,1
2432-image22963.jpg,1
1875-image38777.jpg,2
2580-image03647.jpg,2
1872-image70684.jpg,1
2972-image04549.jpg,2
2958-image00837.jpg,2
2761-image55414.jpg,1
2646-image11140.jpg,1
2588-image00056.jpg,1
2427-image67365.jpg,2
2276-image36064.jpg,1
2026-image21088.jpg,1
2216-image09053.jpg,2
2102-image16507.jpg,2
2071-image03732.jpg,1
2356-image69362.jpg,1
2034-image21775.jpg,1
2572-image67162.jpg,2
1961-image19793.jpg,2
2796-image13981.jpg,1
2545-image09824.jpg,1
2531-image35022.jpg,1
2703-image06985.jpg,2
2161-image32172.jpg,2
1862-image36943.jpg,1
2186-image13996.jpg,2
2821-image58133.jpg,2
2925-image59798.jpg,2
2861-image13336.jpg,1
2081-image50068.jpg,2
2314-image47787.jpg,2
2855-image07110.jpg,1
1884-image24370.jpg,2
1952-image60838.jpg,2
2367-image07679.jpg,1
2915-image18394.jpg,2
2558-image22024.jpg,2
2392-image00063.jpg,2
2724-image59187.jpg,2
1889-image22623.jpg,1
2272-image06075.jpg,1
2060-image19591.jpg,2
2858-image22997.jpg,2
2878-image00838.jpg,2
2930-image20053.jpg,1
2500-image00631.jpg,2
2222-image42802.jpg,1
1912-image22911.jpg,1
2521-image67088.jpg,1
2768-image28212.jpg,1
2661-image22195.jpg,2
2818-image49036.jpg,1
2124-image01901.jpg,2
2333-image64326.jpg,1
1909-image13994.jpg,2
2403-image68592.jpg,2
2163-image32880.jpg,2
1947-image04040.jpg,2
2208-image68146.jpg,2
2005-image20828.jpg,1
2756-image21864.jpg,2
2072-image03707.jpg,1
2158-image12945.jpg,1
2529-image21104.jpg,1
2495-image22353.jpg,1
2301-image66058.jpg,1
2192-image48928.jpg,2
2113-image21176.jpg,2
2935-image10445.jpg,2
2454-image27437.jpg,2
1829-image49579.jpg,2
2892-image21366.jpg,1
2504-image64054.jpg,2
2273-image28718.jpg,1
1954-image64153.jpg,2
2372-image48150.jpg,1
2950-image48196.jpg,1
2419-image00082.jpg,1
2790-image01292.jpg,1
2929-image13075.jpg,2
2268-image19223.jpg,1
1931-image13824.jpg,1
2025-image46457.jpg,2
2003-image19657.jpg,1
2241-image60889.jpg,2
2524-image00114.jpg,2
2918-image36392.jpg,1
1880-image20885.jpg,2
2133-image01097.jpg,2
1960-image02197.jpg,1
1942-image18534.jpg,1
2662-image00399.jpg,2
2887-image15465.jpg,2
1937-image22278.jpg,2
2447-image28175.jpg,1
2269-image02138.jpg,1
1845-image65352.jpg,2
2502-image20379.jpg,2
2648-image49904.jpg,1
2198-image10085.jpg,1
2688-image21316.jpg,2
2230-image19968.jpg,2
2453-image17911.jpg,1
1839-image21404.jpg,2
1854-image00598.jpg,2
2380-image00960.jpg,1
2516-image03552.jpg,1
2606-image66712.jpg,2
2512-image20790.jpg,1
2029-image02992.jpg,1
2382-image16006.jpg,2
2903-image04389.jpg,1
2961-image13646.jpg,2
2741-image60598.jpg,2
2614-image30263.jpg,2
2399-image00940.jpg,2
2534-image67292.jpg,1
2659-image68044.jpg,1
2732-image20602.jpg,2
2421-image21859.jpg,2
2912-image01067.jpg,1
2240-image03538.jpg,1
1863-image67204.jpg,1
1837-image14132.jpg,2
2480-image20107.jpg,2
2373-image67431.jpg,1
2971-image02434.jpg,2
2513-image56080.jpg,2
2117-image08621.jpg,1
2377-image18068.jpg,2
2177-image00614.jpg,2
2235-image02012.jpg,1
2736-image42353.jpg,1
2574-image41305.jpg,2
2914-image67208.jpg,1
1933-image04298.jpg,2
2047-image09764.jpg,2
2328-image65622.jpg,1
2600-image60873.jpg,2
2194-image14150.jpg,2
2547-image50493.jpg,2
1870-image64427.jpg,1
2508-image13359.jpg,1
2626-image55741.jpg,1
1852-image14718.jpg,2
2871-image65973.jpg,2
2452-image66461.jpg,1
2394-image06825.jpg,1
1929-image09044.jpg,2
1900-image66666.jpg,2
2061-image20719.jpg,2
2795-image03462.jpg,1
2157-image52891.jpg,1
2678-image20887.jpg,2
2254-image04622.jpg,1
2443-image56404.jpg,2
2556-image19922.jpg,2
2717-image00246.jpg,2
2710-image20320.jpg,2
2213-image33777.jpg,1
2225-image56491.jpg,2
2151-image64120.jpg,1
1950-image06563.jpg,1
1851-image05281.jpg,1
2108-image13411.jpg,1
2476-image39731.jpg,2
